Kategorie;Kompozici;Velikost;Velikost_m2;Cena;Cena_Kč/měsíc;Ulice;Adresa;URL
Pronájem bytu;2+kk;49 m²;49.0;14 900 Kč/měsíc;14900.0;Zelinova;Zelinova, Zlín;https://www.sreality.cz/detail/pronajem/byt/2+kk/zlin-zlin-zelinova/3870634572
Pronájem bytu;1+1;36 m²;36.0;11 500 Kč/měsíc;11500.0;Podlesí V;Podlesí V, Zlín;https://www.sreality.cz/detail/pronajem/byt/1+1/zlin-zlin-podlesi-v/2323300940
Pronájem bytu;1+kk;26 m²;26.0;8 300 Kč/měsíc;8300.0;Tečovská;Tečovská, Zlín - Malenovice;https://www.sreality.cz/detail/pronajem/byt/1+kk/zlin-malenovice-tecovska/1112744524
Pronájem bytu;2+kk;65 m²;65.0;18 700 Kč/měsíc;18700.0;Lorencova;Lorencova, Zlín;https://www.sreality.cz/detail/pronajem/byt/2+kk/zlin-zlin-lorencova/1472258636
Pronájem bytu;2+1;56 m²;56.0;12 000 Kč/měsíc;12000.0;Dlouhá;Dlouhá, Zlín;https://www.sreality.cz/detail/pronajem/byt/2+1/zlin-zlin-dlouha/1913504332
Pronájem bytu;1+1;25 m²;25.0;9 000 Kč/měsíc;9000.0;Vysoká;Vysoká, Zlín;https://www.sreality.cz/detail/pronajem/byt/1+1/zlin-zlin-vysoka/2008138316
Pronájem bytu;1+kk;21 m²;21.0;14 900 Kč/měsíc;14900.0;Zahradní;Zahradní, Zlín - Malenovice;https://www.sreality.cz/detail/pronajem/byt/1+kk/zlin-malenovice-zahradni/3143836236
Pronájem bytu;3+1;68 m²;68.0;16 000 Kč/měsíc;16000.0;Tyršova;Tyršova, Zlín - Malenovice;https://www.sreality.cz/detail/pronajem/byt/3+1/zlin-malenovice-tyrsova/2728141388
Pronájem bytu;2+kk;96 m²;96.0;25 000 Kč/měsíc;25000.0;Lešetín I;Lešetín I, Zlín;https://www.sreality.cz/detail/pronajem/byt/2+kk/zlin-zlin-lesetin-i/3600556620
Pronájem bytu;3+1;68 m²;68.0;17 000 Kč/měsíc;17000.0;Beckovská;Beckovská, Zlín;https://www.sreality.cz/detail/pronajem/byt/3+1/zlin-zlin-beckovska/481043020
Pronájem bytu;1+1;34 m²;34.0;10 000 Kč/měsíc;10000.0;Větrná;Větrná, Zlín;https://www.sreality.cz/detail/pronajem/byt/1+1/zlin-zlin-vetrna/987308620
Pronájem bytu;2+1;48 m²;48.0;14 000 Kč/měsíc;14000.0;Dukelská;Dukelská, Zlín;https://www.sreality.cz/detail/pronajem/byt/2+1/zlin-zlin-dukelska/1356603980
Pronájem bytu;2+1;58 m²;58.0;10 000 Kč/měsíc;10000.0;Václavská;Václavská, Zlín - Kudlov;https://www.sreality.cz/detail/pronajem/byt/2+1/zlin-kudlov-vaclavska/1963905612
Pronájem bytu;3+1;64 m²;64.0;16 000 Kč/měsíc;16000.0;Budovatelská;Budovatelská, Zlín;https://www.sreality.cz/detail/pronajem/byt/3+1/zlin-zlin-budovatelska/2434540108
Pronájem bytu;2+1;55 m²;55.0;15 900 Kč/měsíc;15900.0;Chelčického;Chelčického, Zlín - Malenovice;https://www.sreality.cz/detail/pronajem/byt/2+1/zlin-malenovice-chelcickeho/722215500
Pronájem bytu;3+1;96 m²;96.0;18 000 Kč/měsíc;18000.0;Zlín;Zlín;https://www.sreality.cz/detail/pronajem/byt/3+1/zlin-zlin-/420225612
Pronájem bytu;3+1;115 m²;115.0;15 000 Kč/měsíc;15000.0;Pod Veselou;Pod Veselou, Slušovice;https://www.sreality.cz/detail/pronajem/byt/3+1/slusovice-slusovice-pod-veselou/1057759820
Pronájem bytu;2+kk;57 m²;57.0;15 500 Kč/měsíc;15500.0;Komenského;Komenského, Fryšták;https://www.sreality.cz/detail/pronajem/byt/2+kk/frystak-frystak-komenskeho/1269887564
Pronájem bytu;2+kk;64 m²;64.0;20 690 Kč/měsíc;20690.0;třída Svobody;třída Svobody, Zlín - Malenovice;https://www.sreality.cz/detail/pronajem/byt/2+kk/zlin-malenovice-trida-svobody/1570579020
Pronájem bytu;2+kk;57 m²;57.0;14 000 Kč/měsíc;14000.0;Nad Vývozem;Nad Vývozem, Zlín;https://www.sreality.cz/detail/pronajem/byt/2+kk/zlin-zlin-nad-vyvozem/3883917900
Pronájem bytu;1+kk;37 m²;37.0;14 900 Kč/měsíc;14900.0;třída Svobody;třída Svobody, Zlín - Malenovice;https://www.sreality.cz/detail/pronajem/byt/1+kk/zlin-malenovice-trida-svobody/2694652492
Pronájem bytu;2+kk;60 m²;60.0;17 500 Kč/měsíc;17500.0;Zarámí;Zarámí, Zlín;https://www.sreality.cz/detail/pronajem/byt/2+kk/zlin-zlin-zarami/526201420
Pronájem bytu;2+1;44 m²;44.0;15 800 Kč/měsíc;15800.0;Na Honech II;Na Honech II, Zlín;https://www.sreality.cz/detail/pronajem/byt/2+1/zlin-zlin-na-honech-ii/3869057612
Pronájem bytu;2+1;68 m²;68.0;14 000 Kč/měsíc;14000.0;Havlíčkova;Havlíčkova, Otrokovice;https://www.sreality.cz/detail/pronajem/byt/2+1/otrokovice-otrokovice-havlickova/1204625996
Pronájem bytu;1+1;33 m²;33.0;10 400 Kč/měsíc;10400.0;Česká;Česká, Zlín;https://www.sreality.cz/detail/pronajem/byt/1+1/zlin-zlin-ceska/1698574924
Pronájem bytu;2+1;57 m²;57.0;9 000 Kč/měsíc;9000.0;Družstevní;Družstevní, Slušovice;https://www.sreality.cz/detail/pronajem/byt/2+1/slusovice-slusovice-druzstevni/3678216780
Pronájem bytu;2+kk;48 m²;48.0;12 000 Kč/měsíc;12000.0;tř. Spojenců;tř. Spojenců, Otrokovice;https://www.sreality.cz/detail/pronajem/byt/2+kk/otrokovice-otrokovice-tr-spojencu/2033132108
Pronájem bytu;2+kk;51 m²;51.0;18 500 Kč/měsíc;18500.0;Sadová;Sadová, Zlín;https://www.sreality.cz/detail/pronajem/byt/2+kk/zlin-zlin-sadova/2004689484
Pronájem bytu;2+1;58 m²;58.0;16 500 Kč/měsíc;16500.0;Cihlářská;Cihlářská, Zlín;https://www.sreality.cz/detail/pronajem/byt/2+1/zlin-zlin-cihlarska/2523734604
Pronájem bytu;1+kk;28 m²;28.0;9 500 Kč/měsíc;9500.0;Lorencova;Lorencova, Zlín;https://www.sreality.cz/detail/pronajem/byt/1+kk/zlin-zlin-lorencova/124592716
Pronájem bytu;1+kk;30 m²;30.0;12 000 Kč/měsíc;12000.0;Podlesí II;Podlesí II, Zlín;https://www.sreality.cz/detail/pronajem/byt/1+kk/zlin-zlin-podlesi-ii/2862490188
Pronájem bytu;2+kk;56 m²;56.0;18 500 Kč/měsíc;18500.0;Na Honech II;Na Honech II, Zlín;https://www.sreality.cz/detail/pronajem/byt/2+kk/zlin-zlin-na-honech-ii/1418601036
Pronájem bytu;2+kk;55 m²;55.0;12 800 Kč/měsíc;12800.0;L. Váchy;L. Váchy, Zlín;https://www.sreality.cz/detail/pronajem/byt/2+kk/zlin-zlin-l-vachy/1093284428
Pronájem bytu;2+kk;50 m²;50.0;12 000 Kč/měsíc;12000.0;L. Váchy;L. Váchy, Zlín;https://www.sreality.cz/detail/pronajem/byt/2+kk/zlin-zlin-l-vachy/442118732
Pronájem bytu;1+kk;29 m²;29.0;13 500 Kč/měsíc;13500.0;Pasecká;Pasecká, Zlín;https://www.sreality.cz/detail/pronajem/byt/1+kk/zlin-zlin-pasecka/2460148300
Pronájem bytu;1+kk;29 m²;29.0;12 000 Kč/měsíc;12000.0;Kúty;Kúty, Zlín;https://www.sreality.cz/detail/pronajem/byt/1+kk/zlin-zlin-kuty/3460969036
Pronájem bytu;2+kk;60 m²;60.0;17 500 Kč/měsíc;17500.0;nám. 3. května;nám. 3. května, Otrokovice;https://www.sreality.cz/detail/pronajem/byt/2+kk/otrokovice-otrokovice-nam-3-kvetna/2405245516
Pronájem bytu;1+1;45 m²;45.0;10 000 Kč/měsíc;10000.0;Otrokovice - Kvítkovice;Otrokovice - Kvítkovice;https://www.sreality.cz/detail/pronajem/byt/1+1/otrokovice-kvitkovice-/465510988
Pronájem bytu;2+1;45 m²;45.0;13 500 Kč/měsíc;13500.0;Na Honech II;Na Honech II, Zlín;https://www.sreality.cz/detail/pronajem/byt/2+1/zlin-zlin-na-honech-ii/3782468172
Pronájem bytu;2+1;58 m²;58.0;16 500 Kč/měsíc;16500.0;L. Váchy;L. Váchy, Zlín - Prštné;https://www.sreality.cz/detail/pronajem/byt/2+1/zlin-prstne-l-vachy/267330124
Pronájem bytu;3+kk;66 m²;66.0;13 000 Kč/měsíc;13000.0;Masarykovo náměstí;Masarykovo náměstí, Napajedla;https://www.sreality.cz/detail/pronajem/byt/3+kk/napajedla-napajedla-masarykovo-namesti/638923340
Pronájem bytu;1+1;36 m²;36.0;9 000 Kč/měsíc;9000.0;Dlouhá;Dlouhá, Zlín;https://www.sreality.cz/detail/pronajem/byt/1+1/zlin-zlin-dlouha/356459084
Pronájem bytu;1+1;36 m²;36.0;11 500 Kč/měsíc;11500.0;Potoky;Potoky, Zlín;https://www.sreality.cz/detail/pronajem/byt/1+1/zlin-zlin-potoky/1788228172
Pronájem bytu;1+1;38 m²;38.0;9 600 Kč/měsíc;9600.0;Nádražní;Nádražní, Otrokovice;https://www.sreality.cz/detail/pronajem/byt/1+1/otrokovice-otrokovice-nadrazni/1966023244
Pronájem bytu;atypický;19 m²;19.0;7 500 Kč/měsíc;7500.0;L. Váchy;L. Váchy, Zlín - Prštné;https://www.sreality.cz/detail/pronajem/byt/atypicky/zlin-prstne-l-vachy/617361996
Pronájem bytu;pokoje;21 m²;21.0;10 500 Kč/měsíc;10500.0;tř. Spojenců;tř. Spojenců, Otrokovice;https://www.sreality.cz/detail/pronajem/byt/pokoj/otrokovice-otrokovice-tr-spojencu/2774475340
Pronájem bytu;2+1;48 m²;48.0;12 000 Kč/měsíc;12000.0;třída Svobody;třída Svobody, Zlín - Malenovice;https://www.sreality.cz/detail/pronajem/byt/2+1/zlin-malenovice-trida-svobody/968368716
Pronájem bytu;2+kk;44 m²;44.0;12 900 Kč/měsíc;12900.0;Zadní luhy;Zadní luhy, Zlín - Louky;https://www.sreality.cz/detail/pronajem/byt/2+kk/zlin-louky-zadni-luhy/4022870604
Pronájem bytu;3+kk;110 m²;110.0;19 000 Kč/měsíc;19000.0;Dlouhá;Dlouhá, Zlín;https://www.sreality.cz/detail/pronajem/byt/3+kk/zlin-zlin-dlouha/4140311116
Pronájem bytu;1+kk;40 m²;40.0;13 500 Kč/měsíc;13500.0;Sadová;Sadová, Zlín;https://www.sreality.cz/detail/pronajem/byt/1+kk/zlin-zlin-sadova/670573132
Pronájem bytu;2+kk;50 m²;50.0;17 900 Kč/měsíc;17900.0;Pasecká;Pasecká, Zlín;https://www.sreality.cz/detail/pronajem/byt/2+kk/zlin-zlin-pasecka/1776476748
Pronájem bytu;2+kk;48 m²;48.0;17 200 Kč/měsíc;17200.0;Pasecká;Pasecká, Zlín;https://www.sreality.cz/detail/pronajem/byt/2+kk/zlin-zlin-pasecka/941744716
Pronájem bytu;pokoje;18 m²;18.0;4 300 Kč/měsíc;4300.0;Pančava;Pančava, Zlín - Příluky;https://www.sreality.cz/detail/pronajem/byt/pokoj/zlin-priluky-pancava/1385484876
Pronájem bytu;1+kk;22 m²;22.0;9 900 Kč/měsíc;9900.0;Pančava;Pančava, Zlín - Příluky;https://www.sreality.cz/detail/pronajem/byt/1+kk/zlin-priluky-pancava/4211225164
Pronájem bytu;pokoje;21 m²;21.0;8 500 Kč/měsíc;8500.0;tř. Spojenců;tř. Spojenců, Otrokovice;https://www.sreality.cz/detail/pronajem/byt/pokoj/otrokovice-otrokovice-tr-spojencu/3613336140
Pronájem bytu;pokoje;21 m²;21.0;9 500 Kč/měsíc;9500.0;tř. Spojenců;tř. Spojenců, Otrokovice;https://www.sreality.cz/detail/pronajem/byt/pokoj/otrokovice-otrokovice-tr-spojencu/2489262668
Pronájem bytu;1+kk;18 m²;18.0;10 900 Kč/měsíc;10900.0;Vejvanovská;Vejvanovská, Zlín;https://www.sreality.cz/detail/pronajem/byt/1+kk/zlin-zlin-vejvanovska/1921827404
Pronájem bytu;1+kk;20 m²;20.0;11 900 Kč/měsíc;11900.0;Štefánikova;Štefánikova, Zlín;https://www.sreality.cz/detail/pronajem/byt/1+kk/zlin-zlin-stefanikova/762589772
Pronájem bytu;3+kk;95 m²;95.0;29 000 Kč/měsíc;29000.0;třída Tomáše Bati;třída Tomáše Bati, Zlín;https://www.sreality.cz/detail/pronajem/byt/3+kk/zlin-zlin-trida-tomase-bati/1701323340
Pronájem bytu;2+1;45 m²;45.0;13 500 Kč/měsíc;13500.0;Na Honech II;Na Honech II, Zlín;https://www.sreality.cz/detail/pronajem/byt/2+1/zlin-zlin-na-honech-ii/3782468172
Pronájem bytu;2+1;62 m²;62.0;12 500 Kč/měsíc;12500.0;Slunečná;Slunečná, Zlín;https://www.sreality.cz/detail/pronajem/byt/2+1/zlin-zlin-slunecna/3220775500
Pronájem bytu;1+1;35 m²;35.0;13 500 Kč/měsíc;13500.0;Větrná;Větrná, Zlín;https://www.sreality.cz/detail/pronajem/byt/1+1/zlin-zlin-vetrna/2908299852
Pronájem bytu;3+1;66 m²;66.0;19 000 Kč/měsíc;19000.0;Chelčického;Chelčického, Zlín - Malenovice;https://www.sreality.cz/detail/pronajem/byt/3+1/zlin-malenovice-chelcickeho/3883475532
Pronájem bytu;2+kk;50 m²;50.0;20 000 Kč/měsíc;20000.0;Zabrání;Zabrání, Zlín - Malenovice;https://www.sreality.cz/detail/pronajem/byt/2+kk/zlin-malenovice-zabrani/2390807116
Pronájem bytu;2+kk;56 m²;56.0;16 000 Kč/měsíc;16000.0;Zálešná II;Zálešná II, Zlín;https://www.sreality.cz/detail/pronajem/byt/2+kk/zlin-zlin-zalesna-ii/1758077516
Pronájem bytu;2+kk;58 m²;58.0;16 000 Kč/měsíc;16000.0;Lešetín I;Lešetín I, Zlín;https://www.sreality.cz/detail/pronajem/byt/2+kk/zlin-zlin-lesetin-i/2294948428
Pronájem bytu;2+1;45 m²;45.0;15 500 Kč/měsíc;15500.0;Budovatelská;Budovatelská, Zlín;https://www.sreality.cz/detail/pronajem/byt/2+1/zlin-zlin-budovatelska/2822382156
Pronájem bytu;2+kk;58 m²;58.0;13 500 Kč/měsíc;13500.0;Havlíčkovo nábřeží;Havlíčkovo nábřeží, Zlín;https://www.sreality.cz/detail/pronajem/byt/2+kk/zlin-zlin-havlickovo-nabrezi/2673484364
Pronájem bytu;4+1;83 m²;83.0;21 000 Kč/měsíc;21000.0;Slunečná;Slunečná, Zlín;https://www.sreality.cz/detail/pronajem/byt/4+1/zlin-zlin-slunecna/3986367052
Pronájem bytu;1+kk;28 m²;28.0;11 700 Kč/měsíc;11700.0;Javorová;Javorová, Zlín;https://www.sreality.cz/detail/pronajem/byt/1+kk/zlin-zlin-javorova/666317388
Pronájem bytu;1+kk;26 m²;26.0;6 500 Kč/měsíc;6500.0;Žlutava;Žlutava;https://www.sreality.cz/detail/pronajem/byt/1+kk/zlutava-zlutava-/564843084
Pronájem bytu;3+kk;62 m²;62.0;15 000 Kč/měsíc;15000.0;Luhačovice;Luhačovice;https://www.sreality.cz/detail/pronajem/byt/3+kk/luhacovice-luhacovice-/1327178316
Pronájem bytu;3+1;76 m²;76.0;14 650 Kč/měsíc;14650.0;Jílová;Jílová, Zlín;https://www.sreality.cz/detail/pronajem/byt/3+1/zlin-zlin-jilova/864301644
Pronájem bytu;3+kk;68 m²;68.0;18 000 Kč/měsíc;18000.0;Podlesí I;Podlesí I, Zlín;https://www.sreality.cz/detail/pronajem/byt/3+kk/zlin-zlin-podlesi-i/3770954316
Pronájem bytu;3+kk;110 m²;110.0;20 000 Kč/měsíc;20000.0;Přístav;Přístav, Zlín - Příluky;https://www.sreality.cz/detail/pronajem/byt/3+kk/zlin-priluky-pristav/926990924
Pronájem bytu;3+kk;77 m²;77.0;14 000 Kč/měsíc;14000.0;Sokolská;Sokolská, Zlín;https://www.sreality.cz/detail/pronajem/byt/3+kk/zlin-zlin-sokolska/3267805772
Pronájem bytu;1+kk;30 m²;30.0;11 900 Kč/měsíc;11900.0;Štefánikova;Štefánikova, Zlín;https://www.sreality.cz/detail/pronajem/byt/1+kk/zlin-zlin-stefanikova/1819554380
Pronájem bytu;2+kk;49 m²;49.0;14 900 Kč/měsíc;14900.0;Zelinova;Zelinova, Zlín;https://www.sreality.cz/detail/pronajem/byt/2+kk/zlin-zlin-zelinova/3870634572
Pronájem bytu;pokoje;22 m²;22.0;6 500 Kč/měsíc;6500.0;Zlín - Prštné;Zlín - Prštné;https://www.sreality.cz/detail/pronajem/byt/pokoj/zlin-prstne-/3370463820
Pronájem bytu;1+kk;35 m²;35.0;12 000 Kč/měsíc;12000.0;Bezručova;Bezručova, Zlín - Malenovice;https://www.sreality.cz/detail/pronajem/byt/1+kk/zlin-malenovice-bezrucova/1675965004
Pronájem bytu;3+1;73 m²;73.0;19 000 Kč/měsíc;19000.0;Slezská;Slezská, Zlín;https://www.sreality.cz/detail/pronajem/byt/3+1/zlin-zlin-slezska/2275865164
Pronájem bytu;pokoje;17 m²;17.0;8 000 Kč/měsíc;8000.0;Zlín;Zlín;https://www.sreality.cz/detail/pronajem/byt/pokoj/zlin-zlin-/3041210956
Pronájem bytu;2+1;45 m²;45.0;10 600 Kč/měsíc;10600.0;Podlesí III;Podlesí III, Zlín;https://www.sreality.cz/detail/pronajem/byt/2+1/zlin-zlin-podlesi-iii/1119236684
Pronájem bytu;2+kk;48 m²;48.0;17 900 Kč/měsíc;17900.0;Zelinova;Zelinova, Zlín;https://www.sreality.cz/detail/pronajem/byt/2+kk/zlin-zlin-zelinova/1351365196
Pronájem bytu;3+1;70 m²;70.0;14 000 Kč/měsíc;14000.0;Podlesí III;Podlesí III, Zlín;https://www.sreality.cz/detail/pronajem/byt/3+1/zlin-zlin-podlesi-iii/2115682892
Pronájem bytu;2+1;56 m²;56.0;13 900 Kč/měsíc;13900.0;Hlavní;Hlavní, Otrokovice;https://www.sreality.cz/detail/pronajem/byt/2+1/otrokovice-otrokovice-hlavni/3354866252
Pronájem bytu;2+1;59 m²;59.0;13 000 Kč/měsíc;13000.0;Havlíčkova;Havlíčkova, Otrokovice;https://www.sreality.cz/detail/pronajem/byt/2+1/otrokovice-otrokovice-havlickova/2230792780
Pronájem bytu;2+1;60 m²;60.0;12 150 Kč/měsíc;12150.0;Nábřeží;Nábřeží, Zlín;https://www.sreality.cz/detail/pronajem/byt/2+1/zlin-zlin-nabrezi/1293365836
Pronájem bytu;3+1;85 m²;85.0;17 000 Kč/měsíc;17000.0;Hrnčířská;Hrnčířská, Zlín;https://www.sreality.cz/detail/pronajem/byt/3+1/zlin-zlin-hrncirska/123155020
Pronájem bytu;3+1;67 m²;67.0;17 000 Kč/měsíc;17000.0;Okružní;Okružní, Zlín;https://www.sreality.cz/detail/pronajem/byt/3+1/zlin-zlin-okruzni/2725720652
Pronájem bytu;3+1;77 m²;77.0;18 700 Kč/měsíc;18700.0;Smetanova;Smetanova, Otrokovice;https://www.sreality.cz/detail/pronajem/byt/3+1/otrokovice-otrokovice-smetanova/2759275084
Pronájem bytu;2+1;45 m²;45.0;13 500 Kč/měsíc;13500.0;Na Honech II;Na Honech II, Zlín;https://www.sreality.cz/detail/pronajem/byt/2+1/zlin-zlin-na-honech-ii/3782468172
Pronájem bytu;2+kk;56 m²;56.0;16 000 Kč/měsíc;16000.0;Pančava;Pančava, Zlín - Příluky;https://www.sreality.cz/detail/pronajem/byt/2+kk/zlin-priluky-pancava/1213215308
Pronájem bytu;2+1;45 m²;45.0;14 000 Kč/měsíc;14000.0;Napajedla;Napajedla;https://www.sreality.cz/detail/pronajem/byt/2+1/napajedla-napajedla-/1949446732
Pronájem bytu;1+kk;28 m²;28.0;11 500 Kč/měsíc;11500.0;Vejvanovská;Vejvanovská, Zlín;https://www.sreality.cz/detail/pronajem/byt/1+kk/zlin-zlin-vejvanovska/2317496908
Pronájem bytu;1+kk;27 m²;27.0;8 500 Kč/měsíc;8500.0;Větrná;Větrná, Zlín;https://www.sreality.cz/detail/pronajem/byt/1+kk/zlin-zlin-vetrna/1763848780
Pronájem bytu;2+1;56 m²;56.0;12 000 Kč/měsíc;12000.0;Lidická;Lidická, Otrokovice - Kvítkovice;https://www.sreality.cz/detail/pronajem/byt/2+1/otrokovice-kvitkovice-lidicka/3337826892
Pronájem bytu;2+kk;45 m²;45.0;12 600 Kč/měsíc;12600.0;Zábrančí I;Zábrančí I, Zlín - Louky;https://www.sreality.cz/detail/pronajem/byt/2+kk/zlin-louky-zabranci-i/2441949772
Pronájem bytu;3+1;60 m²;60.0;11 900 Kč/měsíc;11900.0;Díly II;Díly II, Zlín;https://www.sreality.cz/detail/pronajem/byt/3+1/zlin-zlin-dily-ii/65876556
Pronájem bytu;3+1;100 m²;100.0;16 500 Kč/měsíc;16500.0;Nivy II;Nivy II, Zlín;https://www.sreality.cz/detail/pronajem/byt/3+1/zlin-zlin-nivy-ii/205337164
Pronájem bytu;2+1;120 m²;120.0;16 000 Kč/měsíc;16000.0;Nivy II;Nivy II, Zlín;https://www.sreality.cz/detail/pronajem/byt/2+1/zlin-zlin-nivy-ii/490549836
Pronájem bytu;1+kk;40 m²;40.0;13 500 Kč/měsíc;13500.0;Sadová;Sadová, Zlín;https://www.sreality.cz/detail/pronajem/byt/1+kk/zlin-zlin-sadova/670573132
Pronájem bytu;1+kk;30 m²;30.0;12 000 Kč/měsíc;12000.0;Leoše Janáčka;Leoše Janáčka, Luhačovice;https://www.sreality.cz/detail/pronajem/byt/1+kk/luhacovice-luhacovice-leose-janacka/3640889932
Pronájem bytu;2+kk;60 m²;60.0;13 800 Kč/měsíc;13800.0;třída Tomáše Bati;třída Tomáše Bati, Zlín;https://www.sreality.cz/detail/pronajem/byt/2+kk/zlin-zlin-trida-tomase-bati/3562877516
Pronájem bytu;2+1;75 m²;75.0;16 000 Kč/měsíc;16000.0;Lešenská;Lešenská, Zlín - Kostelec;https://www.sreality.cz/detail/pronajem/byt/2+1/zlin-kostelec-lesenska/2560504396
Pronájem bytu;2+kk;66 m²;66.0;20 000 Kč/měsíc;20000.0;Smetanova;Smetanova, Zlín;https://www.sreality.cz/detail/pronajem/byt/2+kk/zlin-zlin-smetanova/3062772300
Pronájem bytu;2+1;60 m²;60.0;13 700 Kč/měsíc;13700.0;nám. 3. května;nám. 3. května, Otrokovice;https://www.sreality.cz/detail/pronajem/byt/2+1/otrokovice-otrokovice-nam-3-kvetna/697270860
Pronájem bytu;1+1;37 m²;37.0;11 500 Kč/měsíc;11500.0;Ševcovská;Ševcovská, Zlín;https://www.sreality.cz/detail/pronajem/byt/1+1/zlin-zlin-sevcovska/3316527692
Pronájem bytu;1+kk;25 m²;25.0;7 000 Kč/měsíc;7000.0;V Dolině;V Dolině, Zlín - Jaroslavice;https://www.sreality.cz/detail/pronajem/byt/1+kk/zlin-jaroslavice-v-doline/889139788
Pronájem bytu;atypický;35 m²;35.0;12 000 Kč/měsíc;12000.0;Luhačovice;Luhačovice;https://www.sreality.cz/detail/pronajem/byt/atypicky/luhacovice-luhacovice-/1292841548
Pronájem bytu;pokoje;114 m²;114.0;3 708 Kč/měsíc;3708.0;třída Tomáše Bati;třída Tomáše Bati, Zlín;https://www.sreality.cz/detail/pronajem/byt/pokoj/zlin-zlin-trida-tomase-bati/586756684
Pronájem bytu;1+kk;34 m²;34.0;8 000 Kč/měsíc;8000.0;Masarykovo náměstí;Masarykovo náměstí, Napajedla;https://www.sreality.cz/detail/pronajem/byt/1+kk/napajedla-napajedla-masarykovo-namesti/24588876
Pronájem bytu;2+1;56 m²;56.0;11 500 Kč/měsíc;11500.0;Luční;Luční, Zlín;https://www.sreality.cz/detail/pronajem/byt/2+1/zlin-zlin-lucni/424227404
Pronájem bytu;1+1;35 m²;35.0;8 000 Kč/měsíc;8000.0;Lazy III;Lazy III, Zlín;https://www.sreality.cz/detail/pronajem/byt/1+1/zlin-zlin-lazy-iii/3314860620
Pronájem bytu;3+kk;75 m²;75.0;25 000 Kč/měsíc;25000.0;Na Honech I;Na Honech I, Zlín;https://www.sreality.cz/detail/pronajem/byt/3+kk/zlin-zlin-na-honech-i/2939470412
Pronájem bytu;2+kk;111 m²;111.0;25 000 Kč/měsíc;25000.0;Smetanova;Smetanova, Zlín;https://www.sreality.cz/detail/pronajem/byt/2+kk/zlin-zlin-smetanova/1229308492
Pronájem bytu;1+kk;27 m²;27.0;12 000 Kč/měsíc;12000.0;Vodní;Vodní, Zlín;https://www.sreality.cz/detail/pronajem/byt/1+kk/zlin-zlin-vodni/3263677004
Pronájem bytu;1+1;16 m²;16.0;4 200 Kč/měsíc;4200.0;Štefánikova;Štefánikova, Zlín;https://www.sreality.cz/detail/pronajem/byt/1+1/zlin-zlin-stefanikova/3400778316
Pronájem bytu;2+kk;52 m²;52.0;14 690 Kč/měsíc;14690.0;Masarykovo náměstí;Masarykovo náměstí, Valašské Klobouky;https://www.sreality.cz/detail/pronajem/byt/2+kk/valasske-klobouky-valasske-klobouky-masarykovo-namesti/807256652
Pronájem bytu;pokoje;16 m²;16.0;7 000 Kč/měsíc;7000.0;Masarykovo náměstí;Masarykovo náměstí, Napajedla;https://www.sreality.cz/detail/pronajem/byt/pokoj/napajedla-napajedla-masarykovo-namesti/2191180364
Pronájem bytu;2+kk;50 m²;50.0;17 000 Kč/měsíc;17000.0;Štefánikova;Štefánikova, Zlín;https://www.sreality.cz/detail/pronajem/byt/2+kk/zlin-zlin-stefanikova/4156277324
Pronájem bytu;2+1;45 m²;45.0;10 000 Kč/měsíc;10000.0;Česká;Česká, Zlín;https://www.sreality.cz/detail/pronajem/byt/2+1/zlin-zlin-ceska/1913967180
Pronájem bytu;3+1;73 m²;73.0;19 000 Kč/měsíc;19000.0;Slezská;Slezská, Zlín;https://www.sreality.cz/detail/pronajem/byt/3+1/zlin-zlin-slezska/2275865164
Pronájem bytu;2+kk;69 m²;69.0;13 000 Kč/měsíc;13000.0;Mlýnská;Mlýnská, Luhačovice;https://www.sreality.cz/detail/pronajem/byt/2+kk/luhacovice-luhacovice-mlynska/1280692812
Pronájem bytu;pokoje;89 m²;89.0;4 000 Kč/měsíc;4000.0;Česká;Česká, Zlín;https://www.sreality.cz/detail/pronajem/byt/pokoj/zlin-zlin-ceska/3884372556
Pronájem bytu;3+1;93 m²;93.0;15 000 Kč/měsíc;15000.0;nám. 3. května;nám. 3. května, Otrokovice;https://www.sreality.cz/detail/pronajem/byt/3+1/otrokovice-otrokovice-nam-3-kvetna/3001537100
Pronájem bytu;3+1;85 m²;85.0;15 900 Kč/měsíc;15900.0;nám. 3. května;nám. 3. května, Otrokovice;https://www.sreality.cz/detail/pronajem/byt/3+1/otrokovice-otrokovice-nam-3-kvetna/2853687884
Pronájem bytu;2+1;57 m²;57.0;12 000 Kč/měsíc;12000.0;třída Svobody;třída Svobody, Zlín - Malenovice;https://www.sreality.cz/detail/pronajem/byt/2+1/zlin-malenovice-trida-svobody/4015116876
Pronájem bytu;1+kk;36 m²;36.0;11 900 Kč/měsíc;11900.0;Zadní luhy;Zadní luhy, Zlín - Louky;https://www.sreality.cz/detail/pronajem/byt/1+kk/zlin-louky-zadni-luhy/762040908
Pronájem bytu;2+1;60 m²;60.0;13 000 Kč/měsíc;13000.0;Na Kapli;Na Kapli, Napajedla;https://www.sreality.cz/detail/pronajem/byt/2+1/napajedla-napajedla-na-kapli/3816153676
Pronájem bytu;2+kk;85 m²;85.0;22 000 Kč/měsíc;22000.0;Luhačovice;Luhačovice;https://www.sreality.cz/detail/pronajem/byt/2+kk/luhacovice-luhacovice-/3879764556
Pronájem bytu;2+kk;57 m²;57.0;14 000 Kč/měsíc;14000.0;Nad Vývozem;Nad Vývozem, Zlín;https://www.sreality.cz/detail/pronajem/byt/2+kk/zlin-zlin-nad-vyvozem/3883917900
Pronájem bytu;2+1;54 m²;54.0;15 000 Kč/měsíc;15000.0;Větrná;Větrná, Zlín;https://www.sreality.cz/detail/pronajem/byt/2+1/zlin-zlin-vetrna/1114169932
Pronájem bytu;3+1;73 m²;73.0;19 000 Kč/měsíc;19000.0;Slezská;Slezská, Zlín;https://www.sreality.cz/detail/pronajem/byt/3+1/zlin-zlin-slezska/2275865164
Pronájem bytu;1+1;45 m²;45.0;13 000 Kč/měsíc;13000.0;Smetanova;Smetanova, Zlín;https://www.sreality.cz/detail/pronajem/byt/1+1/zlin-zlin-smetanova/20378188
Pronájem bytu;1+kk;33 m²;33.0;11 000 Kč/měsíc;11000.0;Luhačovice;Luhačovice;https://www.sreality.cz/detail/pronajem/byt/1+kk/luhacovice-luhacovice-/2214654540
Pronájem bytu;2+kk;57 m²;57.0;14 000 Kč/měsíc;14000.0;Komenského;Komenského, Fryšták - Horní Ves;https://www.sreality.cz/detail/pronajem/byt/2+kk/frystak-horni-ves-komenskeho/964424268
Pronájem bytu;2+kk;45 m²;45.0;12 500 Kč/měsíc;12500.0;Zlín - Louky;Zlín - Louky;https://www.sreality.cz/detail/pronajem/byt/2+kk/zlin-louky-/182441292
Pronájem bytu;2+kk;120 m²;120.0;23 000 Kč/měsíc;23000.0;Nádražní;Nádražní, Luhačovice;https://www.sreality.cz/detail/pronajem/byt/2+kk/luhacovice-luhacovice-nadrazni/532079948
Pronájem bytu;2+kk;45 m²;45.0;13 700 Kč/měsíc;13700.0;Příčná;Příčná, Otrokovice - Kvítkovice;https://www.sreality.cz/detail/pronajem/byt/2+kk/otrokovice-kvitkovice-pricna/156140108
Pronájem bytu;1+1;40 m²;40.0;12 000 Kč/měsíc;12000.0;Racková;Racková;https://www.sreality.cz/detail/pronajem/byt/1+1/rackova-rackova-/1342734924
Pronájem bytu;2+kk;58 m²;58.0;20 000 Kč/měsíc;20000.0;Bartošova;Bartošova, Zlín;https://www.sreality.cz/detail/pronajem/byt/2+kk/zlin-zlin-bartosova/1606193740
Pronájem bytu;2+kk;85 m²;85.0;22 000 Kč/měsíc;22000.0;Luhačovice;Luhačovice;https://www.sreality.cz/detail/pronajem/byt/2+kk/luhacovice-luhacovice-/3879764556
Pronájem bytu;2+kk;49 m²;49.0;18 000 Kč/měsíc;18000.0;Tyršovo nábřeží;Tyršovo nábřeží, Zlín;https://www.sreality.cz/detail/pronajem/byt/2+kk/zlin-zlin-tyrsovo-nabrezi/2091799884
Pronájem bytu;4+1;79 m²;79.0;19 000 Kč/měsíc;19000.0;Na Honech II;Na Honech II, Zlín;https://www.sreality.cz/detail/pronajem/byt/4+1/zlin-zlin-na-honech-ii/3934757452
Pronájem bytu;4+kk;100 m²;100.0;39 900 Kč/měsíc;39900.0;Luhačovice;Luhačovice;https://www.sreality.cz/detail/pronajem/byt/4+kk/luhacovice-luhacovice-/826365260
Pronájem bytu;2+kk;40 m²;40.0;9 000 Kč/měsíc;9000.0;V Dolině;V Dolině, Zlín - Jaroslavice;https://www.sreality.cz/detail/pronajem/byt/2+kk/zlin-jaroslavice-v-doline/3725157708
Pronájem bytu;2+kk;47 m²;47.0;14 900 Kč/měsíc;14900.0;K Luhám;K Luhám, Zlín - Louky;https://www.sreality.cz/detail/pronajem/byt/2+kk/zlin-louky-k-luham/1516360780
